의정부시,2019,일반휴게음식,8001,일반한식,2412062742,2021-11-21
의정부시,2019,일반휴게음식,8006,서양음식,629453390,2021-11-21
의정부시,2019,유통업 영리,4010,편 의 점,575018160,2021-11-21
의정부시,2019,일반휴게음식,8021,스넥,357370756,2021-11-21
의정부시,2019,보건위생,7102,미용원,331215390,2021-11-21
의정부시,2019,유통업 영리,4020,슈퍼마켓,316693012,2021-11-21
의정부시,2019,음료식품,8302,정육점,276509806,2021-11-21
의정부시,2019,기타의료기관,7044,산후조리원,272158000,2021-11-21
의정부시,2019,학원,5105,보습학원,220005782,2021-11-21
의정부시,2019,음료식품,8301,제과점,218965340,2021-11-21
의정부시,2019,의류,4201,정장,217036780,2021-11-21
의정부시,2019,일반휴게음식,8004,일식 회집,187827150,2021-11-21
의정부시,2019,일반휴게음식,8005,중국식,176467395,2021-11-21
의정부시,2019,학원,5104,예 체능계학원,174190000,2021-11-21
의정부시,2019,음료식품,8399,기타음료식품,170442995,2021-11-21
의정부시,2019,레저업소,2199,기타레져업소,162820700,2021-11-21
의정부시,2019,의류,4203,아동의류,142462620,2021-11-21
의정부시,2019,음료식품,8310,농 축 수산품,131193923,2021-11-21
의정부시,2019,회원제형태,9305,학원,131044160,2021-11-21
의정부시,2019,의원,7020,의원,130009510,2021-11-21
의정부시,2019,보건위생,7105,안경,128778360,2021-11-21
의정부시,2019,약국,7041,약국,120522644,2021-11-21
의정부시,2019,일반휴게음식,8013,주점,104799910,2021-11-21
의정부시,2019,레저업소,2114,헬스클럽,88138756,2021-11-21
의정부시,2019,학원,5101,외국어학원,85989616,2021-11-21
의정부시,2019,보건위생,7110,화장품,76480235,2021-11-21
의정부시,2019,의원,7022,치과의원,71088670,2021-11-21
의정부시,2019,레져용품,2002,스포츠 레져용품,60332630,2021-11-21
의정부시,2019,보건위생,7199,기타대인서비스,59775100,2021-11-21
의정부시,2019,회원제형태,9398,기타4,59105800,2021-11-21
의정부시,2019,의원,7021,한의원,58782550,2021-11-21
의정부시,2019,학원,5191,독서실,44232168,2021-11-21
의정부시,2019,기타의료기관,7050,동물병원,42958340,2021-11-21
의정부시,2019,보건위생,7103,피부미용실,41967500,2021-11-21
의정부시,2019,신변잡화,4499,기타잡화,40174230,2021-11-21
의정부시,2019,문화.취미,2240,애완동물,32328095,2021-11-21
의정부시,2019,학원,5199,기타 교육기관,31677610,2021-11-21
의정부시,2019,의류,4205,내의판매,31551250,2021-11-21
의정부시,2019,숙박업,1020,여관/기타숙박업,31366030,2021-11-21
의정부시,2019,서적문구,5001,일반서적,29200730,2021-11-21
의정부시,2019,신변잡화,4412,액세서리,27898920,2021-11-21
의정부시,2019,용역 서비스,9130,사무서비스,27203118,2021-11-21
의정부시,2019,기타의료기관,7099,기타의료기관 및 기타의료기기,26809324,2021-11-21
의정부시,2019,수리서비스,9210,세탁소,25225390,2021-11-21
의정부시,2019,자동차정비 유지,6110,자동차정비,22076522,2021-11-21
의정부시,2019,의류,4202,정장(여성),20494740,2021-11-21
의정부시,2019,광학제품,3402,사진관,19746200,2021-11-21
의정부시,2019,직물,4303,침구 수예점,19089900,2021-11-21
의정부시,2019,레저업소,2130,노 래 방,18935900,2021-11-21
의정부시,2019,연료판매점,3307,GS주유소,17836227,2021-11-21
의정부시,2019,회원제형태,9301,레져업소,17770100,2021-11-21
의정부시,2019,의류,4208,스포츠의류,16659020,2021-11-21
의정부시,2019,연료판매점,3308,현대정유(오일뱅크),16313606,2021-11-21
의정부시,2019,연료판매점,3305,SK주유소,14718135,2021-11-21
의정부시,2019,신변잡화,4421,신발,14283700,2021-11-21
의정부시,2019,문화.취미,2230,화원,14263710,2021-11-21
의정부시,2019,레저업소,2104,스크린골프,14095500,2021-11-21
의정부시,2019,기타,9998,기타 전문점,13640600,2021-11-21
의정부시,2019,건강식품,8401,홍삼제품,12638100,2021-11-21
의정부시,2019,서적문구,5030,문구용품,12108240,2021-11-21
의정부시,2019,레저업소,2121,당 구 장,11738900,2021-11-21
의정부시,2019,서적문구,5050,완구점,11290400,2021-11-21
의정부시,2019,의류,4299,기타의류,10089435,2021-11-21
의정부시,2019,신변잡화,4411,귀금속,8180190,2021-11-21
의정부시,2019,가구,3001,일반가구,7684300,2021-11-21
의정부시,2019,레저업소,2111,볼 링 장,6960100,2021-11-21
의정부시,2019,유통업 비영리,4121,구내매점(국가기관 등),6634210,2021-11-21
의정부시,2019,음료식품,8320,미곡상,6476500,2021-11-21
의정부시,2019,문화.취미,2299,문화취미기타,6204800,2021-11-21
의정부시,2019,자동차정비 유지,6101,자동차시트 타이어,6088580,2021-11-21
의정부시,2019,자동차정비 유지,6102,자동차부품,5565820,2021-11-21
의정부시,2019,보건위생,7120,사우나,5544600,2021-11-21
의정부시,2019,보건위생,7121,안마시술소,5249200,2021-11-21
의정부시,2019,연료판매점,3309,쌍용S-OIL,5239258,2021-11-21
의정부시,2019,수리서비스,9204,사무 통신기기수리,5124000,2021-11-21
의정부시,2019,자동차정비 유지,6140,주차장,4959320,2021-11-21
의정부시,2019,학원,5102,기능학원,4722160,2021-11-21
의정부시,2019,의류,4210,맞춤복점,4666000,2021-11-21
의정부시,2019,보건위생,7111,미용재료,4317960,2021-11-21
의정부시,2019,사무통신,5201,컴퓨터,4145300,2021-11-21
의정부시,2019,레저업소,2113,수 영 장,4075250,2021-11-21
의정부시,2019,건강식품,8499,기타건강식품,3836020,2021-11-21
의정부시,2019,사무통신,5210,통신기기,3649300,2021-11-21
의정부시,2019,자동차정비 유지,6130,세차장,3470328,2021-11-21
의정부시,2019,보건위생,7112,의료용품,3389000,2021-11-21
의정부시,2019,주방용구,3201,주방용구,3241500,2021-11-21
의정부시,2019,레저업소,2102,골프연습장,2962000,2021-11-21
의정부시,2019,유통업 영리,4099,기타유통업,2867650,2021-11-21
의정부시,2019,신변잡화,4401,가방,2768974,2021-11-21
의정부시,2019,회원제형태,9304,서적,2753250,2021-11-21
의정부시,2019,직물,4302,"카페트,커튼,천막,지물",2735000,2021-11-21
의정부시,2019,유통업 영리,4004,대형할인점,2713270,2021-11-21
의정부시,2019,신변잡화,4410,시계,2620000,2021-11-21
의정부시,2019,신변잡화,4420,제화,2521000,2021-11-21
의정부시,2019,건축자재,9006,목재 석재 철물,2502600,2021-11-21
의정부시,2019,자동차정비 유지,6120,카인테리어,2358000,2021-11-21
의정부시,2019,레져용품,2010,악기점,2224000,2021-11-21
의정부시,2019,전기제품,3101,가전제품,1861600,2021-11-21
의정부시,2019,문화.취미,2220,수족관,1849600,2021-11-21
의정부시,2019,자동차판매,6004,이륜차판매,1847600,2021-11-21
의정부시,2019,직물,4301,옷감 직물,1801000,2021-11-21
의정부시,2019,주방용구,3202,주방용식기,1773800,2021-11-21
의정부시,2019,기타,9901,기계공구,1633609,2021-11-21
의정부시,2019,보건위생,7101,이용원,1610400,2021-11-21
의정부시,2019,용역 서비스,9101,종합용역,1576600,2021-11-21
의정부시,2019,레져용품,2020,음반/영상물,1408200,2021-11-21
의정부시,2019,회원제형태,9395,기타1,1336000,2021-11-21
의정부시,2019,회원제형태,9306,건강식품,1260500,2021-11-21
의정부시,2019,약국,7042,한약방,1159500,2021-11-21
의정부시,2019,레져용품,2001,골프용품 전문점,1159000,2021-11-21
의정부시,2019,음료식품,8303,주류 판매점,1044000,2021-11-21
의정부시,2019,전기제품,3199,기타전기제품,929130,2021-11-21
의정부시,2019,서적문구,5099,기타서적문구,898700,2021-11-21
의정부시,2019,수리서비스,9202,가정용품수리,787000,2021-11-21
의정부시,2019,건축자재,9099,기타건축자재,786800,2021-11-21
의정부시,2019,건축자재,9001,보일러 펌프 샷시,730000,2021-11-21
의정부시,2019,직물,4304,혼수전문점,659500,2021-11-21
의정부시,2019,의류,4207,캐주얼의류,651000,2021-11-21
의정부시,2019,가구,3099,기타가구,621900,2021-11-21
의정부시,2019,여행,1130,렌터카,583000,2021-11-21
의정부시,2019,건축자재,9003,조명기구,537300,2021-11-21
의정부시,2019,직물,4399,기타직물,512500,2021-11-21
의정부시,2019,사무통신,5202,사무용 OA기기,491800,2021-11-21
의정부시,2019,일반휴게음식,8010,칵테일바,490000,2021-11-21
의정부시,2019,용역 서비스,9111,혼례서비스,470000,2021-11-21
의정부시,2019,문화.취미,2210,화방 표구점,438900,2021-11-21
의정부시,2019,서적문구,5010,출판 및 인쇄물,421130,2021-11-21
의정부시,2019,의류,4209,단체복,393000,2021-11-21
의정부시,2019,일반휴게음식,8003,한정식,367000,2021-11-21
의정부시,2019,건축자재,9004,페인트,366000,2021-11-21
의정부시,2019,전기제품,3102,냉열기기,348000,2021-11-21
의정부시,2019,회원제형태,9302,자동차서비스,330000,2021-11-21
의정부시,2019,주방용구,3299,기타주방용구,328000,2021-11-21
의정부시,2019,농업,9602,"비료,사료,종자",323000,2021-11-21
의정부시,2019,용역 서비스,9199,기타용역서비스,312500,2021-11-21
의정부시,2019,가구,3002,철제가구,293000,2021-11-21
의정부시,2019,문화.취미,2202,화랑,284000,2021-11-21
의정부시,2019,병원,7014,한방병원,255600,2021-11-21
의정부시,2019,유통업 영리,4021,연 쇄 점,251800,2021-11-21
의정부시,2019,수리서비스,9299,기타수리서비스,238000,2021-11-21
의정부시,2019,일반휴게음식,8002,갈비전문점,187500,2021-11-21
의정부시,2019,수리서비스,9203,신변잡화수리,181500,2021-11-21
의정부시,2019,연료판매점,3304,유류판매,173000,2021-11-21
의정부시,2019,문화.취미,2251,티켓,131000,2021-11-21
의정부시,2019,신변잡화,4430,기념품점,125700,2021-11-21
의정부시,2019,병원,7010,병원,116500,2021-11-21
의정부시,2019,건강식품,8402,인삼제품,114000,2021-11-21
의정부시,2019,건축자재,9010,인테리어전문,104000,2021-11-21
의정부시,2019,연료판매점,3302,LPG 취급점,98000,2021-11-21
의정부시,2019,용역 서비스,9133,부동산 중개 임대,81000,2021-11-21
의정부시,2019,연료판매점,3312,현대정유 가스충전소,66326,2021-11-21
의정부시,2019,건축자재,9002,건축용 요업제품,65500,2021-11-21
의정부시,2019,건축자재,9005,유리,41800,2021-11-21
의정부시,2019,회원제형태,9396,기타2,40000,2021-11-21
의정부시,2019,레져용품,2011,피아노대리점,30000,2021-11-21
의정부시,2019,광학제품,3401,카메라,29500,2021-11-21
의정부시,2019,회원제형태,9397,기타3,20000,2021-11-21
의정부시,2019,용역 서비스,9121,화물운송,17600,2021-11-21
의정부시,2019,유통업 비영리,4110,"농,축협 직영매장",17000,2021-11-21
의정부시,2019,사무통신,5280,전자(상우회),8000,2021-11-21
의정부시,2019,사무통신,5299,기타 사무용품,8000,2021-11-21
의정부시,2019,유통업 영리,4076,인터넷P/G,1230,2021-11-21
의정부시,2020,일반휴게음식,8001,일반한식,12325120863,2021-11-21
의정부시,2020,유통업 영리,4020,슈퍼마켓,6199227572,2021-11-21
의정부시,2020,유통업 영리,4010,편 의 점,4434482566,2021-11-21
의정부시,2020,음료식품,8302,정육점,3114377909,2021-11-21
의정부시,2020,일반휴게음식,8006,서양음식,3002599895,2021-11-21
의정부시,2020,학원,5105,보습학원,2953060362,2021-11-21
의정부시,2020,음료식품,8310,농 축 수산품,2577729422,2021-11-21
의정부시,2020,일반휴게음식,8021,스넥,2074277671,2021-11-21
의정부시,2020,음료식품,8399,기타음료식품,1820193791,2021-11-21
의정부시,2020,보건위생,7102,미용원,1754211429,2021-11-21
의정부시,2020,음료식품,8301,제과점,1443306226,2021-11-21
의정부시,2020,약국,7041,약국,1383135726,2021-11-21
의정부시,2020,학원,5104,예 체능계학원,1307078142,2021-11-21
의정부시,2020,회원제형태,9305,학원,1145762269,2021-11-21
의정부시,2020,의류,4201,정장,1112948045,2021-11-21
의정부시,2020,일반휴게음식,8005,중국식,1067229337,2021-11-21
의정부시,2020,의원,7020,의원,1064407152,2021-11-21
의정부시,2020,일반휴게음식,8004,일식 회집,902255923,2021-11-21
의정부시,2020,보건위생,7105,안경,814518573,2021-11-21
의정부시,2020,학원,5101,외국어학원,810867421,2021-11-21
의정부시,2020,의원,7022,치과의원,764599940,2021-11-21
의정부시,2020,레져용품,2002,스포츠 레져용품,679139945,2021-11-21
의정부시,2020,기타의료기관,7044,산후조리원,533005758,2021-11-21
의정부시,2020,일반휴게음식,8013,주점,478510323,2021-11-21
의정부시,2020,레저업소,2114,헬스클럽,411107317,2021-11-21
의정부시,2020,신변잡화,4499,기타잡화,392211637,2021-11-21
의정부시,2020,보건위생,7110,화장품,385105156,2021-11-21
의정부시,2020,레저업소,2199,기타레져업소,382250811,2021-11-21
의정부시,2020,용역 서비스,9130,사무서비스,336993184,2021-11-21
의정부시,2020,의원,7021,한의원,334134194,2021-11-21
의정부시,2020,기타의료기관,7050,동물병원,321432600,2021-11-21
의정부시,2020,자동차정비 유지,6110,자동차정비,294092154,2021-11-21
의정부시,2020,의류,4208,스포츠의류,293441283,2021-11-21
의정부시,2020,의류,4203,아동의류,280756106,2021-11-21
의정부시,2020,학원,5199,기타 교육기관,279080012,2021-11-21
의정부시,2020,서적문구,5001,일반서적,258999115,2021-11-21
의정부시,2020,보건위생,7103,피부미용실,252403115,2021-11-21
의정부시,2020,문화.취미,2240,애완동물,231997870,2021-11-21
의정부시,2020,의류,4205,내의판매,226010640,2021-11-21
의정부시,2020,직물,4303,침구 수예점,218763293,2021-11-21
의정부시,2020,수리서비스,9210,세탁소,217802940,2021-11-21
의정부시,2020,회원제형태,9398,기타4,209369938,2021-11-21
의정부시,2020,학원,5191,독서실,196914790,2021-11-21
의정부시,2020,보건위생,7199,기타대인서비스,179938566,2021-11-21
의정부시,2020,신변잡화,4412,액세서리,165722899,2021-11-21
의정부시,2020,가구,3001,일반가구,162574578,2021-11-21
의정부시,2020,연료판매점,3309,쌍용S-OIL,151045578,2021-11-21
의정부시,2020,서적문구,5050,완구점,150351419,2021-11-21
의정부시,2020,문화.취미,2230,화원,145249874,2021-11-21
의정부시,2020,기타의료기관,7099,기타의료기관 및 기타의료기기,144444801,2021-11-21
의정부시,2020,신변잡화,4421,신발,125646953,2021-11-21
의정부시,2020,건강식품,8401,홍삼제품,120673014,2021-11-21
의정부시,2020,보건위생,7112,의료용품,116923910,2021-11-21
의정부시,2020,연료판매점,3305,SK주유소,106673673,2021-11-21
의정부시,2020,광학제품,3402,사진관,99680273,2021-11-21
의정부시,2020,연료판매점,3308,현대정유(오일뱅크),93633969,2021-11-21
의정부시,2020,숙박업,1020,여관/기타숙박업,88438400,2021-11-21
의정부시,2020,회원제형태,9301,레져업소,87455498,2021-11-21
의정부시,2020,서적문구,5030,문구용품,82414317,2021-11-21
의정부시,2020,레저업소,2121,당 구 장,81381178,2021-11-21
의정부시,2020,음료식품,8320,미곡상,80603285,2021-11-21
의정부시,2020,신변잡화,4411,귀금속,75872780,2021-11-21
의정부시,2020,의류,4299,기타의류,71595710,2021-11-21
의정부시,2020,자동차정비 유지,6101,자동차시트 타이어,67522310,2021-11-21
의정부시,2020,기타,9998,기타 전문점,63316250,2021-11-21
의정부시,2020,레저업소,2104,스크린골프,55763200,2021-11-21
의정부시,2020,사무통신,5201,컴퓨터,54871610,2021-11-21
의정부시,2020,레저업소,2130,노 래 방,54657419,2021-11-21
의정부시,2020,자동차정비 유지,6102,자동차부품,51559920,2021-11-21
의정부시,2020,주방용구,3201,주방용구,49347360,2021-11-21
의정부시,2020,유통업 영리,4004,대형할인점,48287842,2021-11-21
의정부시,2020,건강식품,8499,기타건강식품,41501559,2021-11-21
의정부시,2020,자동차정비 유지,6120,카인테리어,41453730,2021-11-21
의정부시,2020,연료판매점,3312,현대정유 가스충전소,40259654,2021-11-21
의정부시,2020,신변잡화,4410,시계,39773350,2021-11-21
의정부시,2020,보건위생,7111,미용재료,38880719,2021-11-21
의정부시,2020,전기제품,3101,가전제품,37187620,2021-11-21
의정부시,2020,약국,7042,한약방,37069835,2021-11-21
의정부시,2020,직물,4302,"카페트,커튼,천막,지물",36644985,2021-11-21
의정부시,2020,사무통신,5210,통신기기,35604490,2021-11-21
의정부시,2020,의류,4210,맞춤복점,34905650,2021-11-21
의정부시,2020,보건위생,7120,사우나,30139994,2021-11-21
의정부시,2020,건축자재,9001,보일러 펌프 샷시,29988420,2021-11-21
의정부시,2020,학원,5102,기능학원,29370200,2021-11-21
의정부시,2020,기타,9901,기계공구,29222640,2021-11-21
의정부시,2020,자동차정비 유지,6130,세차장,29040473,2021-11-21
의정부시,2020,자동차정비 유지,6140,주차장,29021378,2021-11-21
의정부시,2020,레저업소,2111,볼 링 장,27539100,2021-11-21
의정부시,2020,레저업소,2102,골프연습장,27426450,2021-11-21
의정부시,2020,유통업 영리,4099,기타유통업,26773310,2021-11-21
의정부시,2020,주방용구,3202,주방용식기,25374560,2021-11-21
의정부시,2020,건축자재,9006,목재 석재 철물,25131560,2021-11-21
의정부시,2020,가구,3099,기타가구,24189000,2021-11-21
의정부시,2020,전기제품,3199,기타전기제품,23587755,2021-11-21
의정부시,2020,문화.취미,2299,문화취미기타,23581790,2021-11-21
의정부시,2020,유통업 비영리,4121,구내매점(국가기관 등),23217994,2021-11-21
의정부시,2020,수리서비스,9204,사무 통신기기수리,23107595,2021-11-21
의정부시,2020,레저업소,2113,수 영 장,21279530,2021-11-21
의정부시,2020,직물,4304,혼수전문점,20471110,2021-11-21
의정부시,2020,용역 서비스,9101,종합용역,19042800,2021-11-21
의정부시,2020,자동차판매,6004,이륜차판매,18955390,2021-11-21
의정부시,2020,신변잡화,4401,가방,17635600,2021-11-21
의정부시,2020,병원,7014,한방병원,17570090,2021-11-21
의정부시,2020,건축자재,9003,조명기구,17348770,2021-11-21
의정부시,2020,가구,3002,철제가구,17200350,2021-11-21
의정부시,2020,회원제형태,9304,서적,15114705,2021-11-21
의정부시,2020,보건위생,7121,안마시술소,14533400,2021-11-21
의정부시,2020,건축자재,9010,인테리어전문,14294860,2021-11-21
의정부시,2020,보건위생,7101,이용원,13794800,2021-11-21
의정부시,2020,신변잡화,4420,제화,13540100,2021-11-21
의정부시,2020,농업,9602,"비료,사료,종자",13512702,2021-11-21
의정부시,2020,문화.취미,2220,수족관,13433600,2021-11-21
의정부시,2020,용역 서비스,9199,기타용역서비스,13229290,2021-11-21
의정부시,2020,전기제품,3102,냉열기기,12697010,2021-11-21
의정부시,2020,일반유통,6101,편의점,11476490,2021-11-21
의정부시,2020,연료판매점,3307,GS주유소,10253892,2021-11-21
의정부시,2020,레져용품,2020,음반/영상물,10201750,2021-11-21
의정부시,2020,연료판매점,3304,유류판매,10164100,2021-11-21
의정부시,2020,의류,4209,단체복,10051000,2021-11-21
의정부시,2020,기타,9910,비영리/대상,9663590,2021-11-21
의정부시,2020,수리서비스,9299,기타수리서비스,8852100,2021-11-21
의정부시,2020,병원,7010,병원,8815220,2021-11-21
의정부시,2020,음료식품,8303,주류 판매점,8750150,2021-11-21
의정부시,2020,레져용품,2010,악기점,8269400,2021-11-21
의정부시,2020,학원,5106,학습지 교육,7959000,2021-11-21
의정부시,2020,직물,4301,옷감 직물,7943220,2021-11-21
의정부시,2020,수리서비스,9202,가정용품수리,7838120,2021-11-21
의정부시,2020,회원제형태,9395,기타1,7431850,2021-11-21
의정부시,2020,건축자재,9004,페인트,6844350,2021-11-21
의정부시,2020,신변잡화,4430,기념품점,6430100,2021-11-21
의정부시,2020,서적문구,5002,전문서적,6148540,2021-11-21
의정부시,2020,건축자재,9099,기타건축자재,6119260,2021-11-21
의정부시,2020,유통업 영리,4021,연 쇄 점,5517800,2021-11-21
의정부시,2020,직물,4399,기타직물,4878685,2021-11-21
의정부시,2020,서적문구,5010,출판 및 인쇄물,4806920,2021-11-21
의정부시,2020,레져용품,2001,골프용품 전문점,4539470,2021-11-21
의정부시,2020,건강식품,8402,인삼제품,4350600,2021-11-21
의정부시,2020,서적문구,5099,기타서적문구,4253820,2021-11-21
의정부시,2020,일반휴게음식,8010,칵테일바,4010900,2021-11-21
의정부시,2020,문화.취미,2215,민예 공예품,3842600,2021-11-21
의정부시,2020,회원제형태,9302,자동차서비스,3240000,2021-11-21
의정부시,2020,회원제형태,9306,건강식품,3120000,2021-11-21
의정부시,2020,문화.취미,2210,화방 표구점,3112300,2021-11-21
의정부시,2020,용역 서비스,9132,법률회계서비스(개인),3081500,2021-11-21
의정부시,2020,사무통신,5202,사무용 OA기기,3075900,2021-11-21
의정부시,2020,수리서비스,9201,레져용품수리,2989000,2021-11-21
의정부시,2020,여행,1130,렌터카,2909500,2021-11-21
의정부시,2020,용역 서비스,9111,혼례서비스,2650000,2021-11-21
의정부시,2020,수리서비스,9203,신변잡화수리,2615500,2021-11-21
의정부시,2020,회원제형태,9397,기타3,2568160,2021-11-21
의정부시,2020,건축자재,9002,건축용 요업제품,2394500,2021-11-21
의정부시,2020,일반휴게음식,8002,갈비전문점,2199608,2021-11-21
의정부시,2020,용역 서비스,9121,화물운송,1930490,2021-11-21
의정부시,2020,주방용구,3299,기타주방용구,1880500,2021-11-21
의정부시,2020,학원,5103,컴퓨터학원,1737730,2021-11-21
의정부시,2020,연료판매점,3399,기타연료,1470500,2021-11-21
의정부시,2020,의류,4204,양품점,1449200,2021-11-21
의정부시,2020,연료판매점,3302,LPG 취급점,1373000,2021-11-21
의정부시,2020,레저업소,2112,테니스장,1290000,2021-11-21
의정부시,2020,건축자재,9005,유리,1267000,2021-11-21
의정부시,2020,사무통신,5299,기타 사무용품,1091700,2021-11-21
의정부시,2020,의류,4207,캐주얼의류,933000,2021-11-21
의정부시,2020,일반휴게음식,8031,위탁급식업,821000,2021-11-21
의정부시,2020,일반휴게음식,8003,한정식,746000,2021-11-21
의정부시,2020,용역 서비스,9133,부동산 중개 임대,639810,2021-11-21
의정부시,2020,레져용품,2011,피아노대리점,591000,2021-11-21
의정부시,2020,유통업 영리,4031,복지매장,568500,2021-11-21
의정부시,2020,용역 서비스,9110,가례서비스업,410000,2021-11-21
의정부시,2020,농업,9601,농기계,405000,2021-11-21
의정부시,2020,사무통신,5280,전자(상우회),295000,2021-11-21
의정부시,2020,문화.취미,2251,티켓,269600,2021-11-21
의정부시,2020,자동차정비 유지,6199,가타자동차서비스,166000,2021-11-21
의정부시,2020,유흥단란,8201,단란주점,95000,2021-11-21
의정부시,2020,회원제형태,9396,기타2,90000,2021-11-21
의정부시,2020,서적문구,5003,정기간행물,90000,2021-11-21
의정부시,2020,용역 서비스,9135,법률회계서비스(법인),50000,2021-11-21
의정부시,2020,광학제품,3401,카메라,10000,2021-11-21
의정부시,2020,기타,0,기타,-583220,2021-11-21
의정부시,2021,일반휴게음식,8001,일반한식,14958090263,2021-11-21
의정부시,2021,학원,5105,보습학원,6444249561,2021-11-21
의정부시,2021,유통업 영리,4020,슈퍼마켓,6269127198,2021-11-21
의정부시,2021,유통업 영리,4010,편 의 점,4627905473,2021-11-21
의정부시,2021,음료식품,8302,정육점,4136564952,2021-11-21
의정부시,2021,일반휴게음식,8006,서양음식,3958032063,2021-11-21
의정부시,2021,학원,5104,예 체능계학원,3853983741,2021-11-21
의정부시,2021,음료식품,8310,농 축 수산품,3573824474,2021-11-21
의정부시,2021,일반휴게음식,8021,스넥,2638732537,2021-11-21
의정부시,2021,음료식품,8399,기타음료식품,2523400367,2021-11-21
의정부시,2021,보건위생,7102,미용원,2361409975,2021-11-21
의정부시,2021,회원제형태,9305,학원,2159807650,2021-11-21
의정부시,2021,학원,5101,외국어학원,1756642499,2021-11-21
의정부시,2021,음료식품,8301,제과점,1706702882,2021-11-21
의정부시,2021,일반유통,6101,편의점,1705397695,2021-11-21
의정부시,2021,일반휴게음식,8005,중국식,1320542822,2021-11-21
의정부시,2021,일반휴게음식,8004,일식 회집,1312697502,2021-11-21
의정부시,2021,약국,7041,약국,1191999253,2021-11-21
의정부시,2021,의원,7022,치과의원,1078947576,2021-11-21
의정부시,2021,의원,7020,의원,1030407368,2021-11-21
의정부시,2021,의류,4201,정장,943462718,2021-11-21
의정부시,2021,레저업소,2114,헬스클럽,939345619,2021-11-21
의정부시,2021,보건위생,7105,안경,903008046,2021-11-21
의정부시,2021,기타의료기관,7044,산후조리원,840209984,2021-11-21
의정부시,2021,레져용품,2002,스포츠 레져용품,678990484,2021-11-21
의정부시,2021,학원,5199,기타 교육기관,666984873,2021-11-21
의정부시,2021,용역 서비스,9130,사무서비스,665901064,2021-11-21
의정부시,2021,연료판매점,3305,SK주유소,547896454,2021-11-21
의정부시,2021,기타,5,기타,545982047,2021-11-21
의정부시,2021,의류,4203,아동의류,482576764,2021-11-21
의정부시,2021,기타의료기관,7050,동물병원,448226111,2021-11-21
의정부시,2021,일반휴게음식,8013,주점,444385749,2021-11-21
의정부시,2021,자동차정비 유지,6110,자동차정비,410413344,2021-11-21
의정부시,2021,레저업소,2199,기타레져업소,401145081,2021-11-21
의정부시,2021,의원,7021,한의원,377007182,2021-11-21
의정부시,2021,보건위생,7110,화장품,368324688,2021-11-21
의정부시,2021,신변잡화,4499,기타잡화,368238402,2021-11-21
의정부시,2021,보건위생,7103,피부미용실,353028602,2021-11-21
의정부시,2021,수리서비스,9210,세탁소,321379572,2021-11-21
의정부시,2021,서적문구,5001,일반서적,315361574,2021-11-21
의정부시,2021,보건위생,7199,기타대인서비스,268127700,2021-11-21
의정부시,2021,문화.취미,2240,애완동물,267944939,2021-11-21
의정부시,2021,의류,4208,스포츠의류,251213743,2021-11-21
의정부시,2021,문화.취미,2230,화원,213526128,2021-11-21
의정부시,2021,학원,5191,독서실,191068368,2021-11-21
의정부시,2021,연료판매점,3307,GS주유소,188931862,2021-11-21
의정부시,2021,연료판매점,3308,현대정유(오일뱅크),176237758,2021-11-21
의정부시,2021,의류,4205,내의판매,165173410,2021-11-21
의정부시,2021,음료식품,8303,주류 판매점,162833710,2021-11-21
의정부시,2021,회원제형태,9301,레져업소,157894440,2021-11-21
의정부시,2021,기타의료기관,7099,기타의료기관 및 기타의료기기,138125393,2021-11-21
의정부시,2021,직물,4303,침구 수예점,137816137,2021-11-21
의정부시,2021,회원제형태,9398,기타4,137127095,2021-11-21
의정부시,2021,서적문구,5050,완구점,136957691,2021-11-21
의정부시,2021,연료판매점,3309,쌍용S-OIL,136866332,2021-11-21
의정부시,2021,광학제품,3402,사진관,136196111,2021-11-21
의정부시,2021,레저업소,2121,당 구 장,134913175,2021-11-21
의정부시,2021,신변잡화,4412,액세서리,133875690,2021-11-21
의정부시,2021,서적문구,5030,문구용품,129125027,2021-11-21
의정부시,2021,레저업소,2104,스크린골프,104965380,2021-11-21
의정부시,2021,신변잡화,4421,신발,104655035,2021-11-21
의정부시,2021,자동차정비 유지,6101,자동차시트 타이어,99020625,2021-11-21
의정부시,2021,가구,3001,일반가구,93544050,2021-11-21
의정부시,2021,연료판매점,3312,현대정유 가스충전소,78443427,2021-11-21
의정부시,2021,건강식품,8401,홍삼제품,76443379,2021-11-21
의정부시,2021,숙박업,1020,여관/기타숙박업,72995120,2021-11-21
의정부시,2021,보건위생,7112,의료용품,68597000,2021-11-21
의정부시,2021,음료식품,8320,미곡상,65673020,2021-11-21
의정부시,2021,자동차정비 유지,6102,자동차부품,64077770,2021-11-21
의정부시,2021,기타,9998,기타 전문점,63167195,2021-11-21
의정부시,2021,레저업소,2113,수 영 장,63157410,2021-11-21
의정부시,2021,레져용품,2001,골프용품 전문점,62752250,2021-11-21
의정부시,2021,의류,4299,기타의류,62682210,2021-11-21
의정부시,2021,레저업소,2102,골프연습장,60408115,2021-11-21
의정부시,2021,건강식품,8499,기타건강식품,58149011,2021-11-21
의정부시,2021,자동차정비 유지,6120,카인테리어,57357395,2021-11-21
의정부시,2021,직물,4302,"카페트,커튼,천막,지물",56755110,2021-11-21
의정부시,2021,레저업소,2130,노 래 방,53153980,2021-11-21
의정부시,2021,보건위생,7111,미용재료,48969630,2021-11-21
의정부시,2021,학원,5102,기능학원,47901350,2021-11-21
의정부시,2021,약국,7042,한약방,47074989,2021-11-21
의정부시,2021,사무통신,5201,컴퓨터,45347044,2021-11-21
의정부시,2021,의류,4210,맞춤복점,41038906,2021-11-21
의정부시,2021,사무통신,5210,통신기기,40911670,2021-11-21
의정부시,2021,자동차정비 유지,6140,주차장,38692950,2021-11-21
의정부시,2021,레저업소,2111,볼 링 장,38141620,2021-11-21
의정부시,2021,자동차정비 유지,6130,세차장,33423780,2021-11-21
의정부시,2021,문화.취미,2299,문화취미기타,31042420,2021-11-21
의정부시,2021,주방용구,3201,주방용구,29880323,2021-11-21
의정부시,2021,회원제형태,9304,서적,29481861,2021-11-21
의정부시,2021,수리서비스,9204,사무 통신기기수리,28959000,2021-11-21
의정부시,2021,기타,9901,기계공구,26555773,2021-11-21
의정부시,2021,유통업 영리,4099,기타유통업,25781913,2021-11-21
의정부시,2021,보건위생,7120,사우나,25116760,2021-11-21
의정부시,2021,건축자재,9003,조명기구,23816604,2021-11-21
의정부시,2021,건축자재,9006,목재 석재 철물,23806760,2021-11-21
의정부시,2021,주방용구,3202,주방용식기,23535390,2021-11-21
의정부시,2021,의류,4209,단체복,21977850,2021-11-21
의정부시,2021,농업,9602,"비료,사료,종자",21878830,2021-11-21
의정부시,2021,신변잡화,4410,시계,21871460,2021-11-21
의정부시,2021,유통업 비영리,4121,구내매점(국가기관 등),21767260,2021-11-21
의정부시,2021,레져용품,2020,음반/영상물,20916670,2021-11-21
의정부시,2021,건축자재,9001,보일러 펌프 샷시,19516785,2021-11-21
의정부시,2021,용역 서비스,9101,종합용역,19463330,2021-11-21
의정부시,2021,전기제품,3101,가전제품,19455890,2021-11-21
의정부시,2021,보건위생,7121,안마시술소,19119745,2021-11-21
의정부시,2021,기타,9910,비영리/대상,17762030,2021-11-21
의정부시,2021,보건위생,7101,이용원,17151680,2021-11-21
의정부시,2021,자동차판매,6004,이륜차판매,16563250,2021-11-21
의정부시,2021,건축자재,9010,인테리어전문,15671070,2021-11-21
의정부시,2021,전기제품,3199,기타전기제품,15004355,2021-11-21
의정부시,2021,서적문구,5002,전문서적,14829825,2021-11-21
의정부시,2021,전기제품,3102,냉열기기,14259250,2021-11-21
의정부시,2021,문화.취미,2220,수족관,14145550,2021-11-21
의정부시,2021,서적문구,5099,기타서적문구,14049460,2021-11-21
의정부시,2021,학원,5106,학습지 교육,13822578,2021-11-21
의정부시,2021,신변잡화,4411,귀금속,13474250,2021-11-21
의정부시,2021,가구,3099,기타가구,12506460,2021-11-21
의정부시,2021,신변잡화,4420,제화,11984731,2021-11-21
의정부시,2021,용역 서비스,9199,기타용역서비스,11923970,2021-11-21
의정부시,2021,신변잡화,4401,가방,11364000,2021-11-21
의정부시,2021,직물,4304,혼수전문점,11202900,2021-11-21
의정부시,2021,사무통신,5299,기타 사무용품,10685330,2021-11-21
의정부시,2021,레져용품,2010,악기점,10324130,2021-11-21
의정부시,2021,연료판매점,3304,유류판매,9948173,2021-11-21
의정부시,2021,일반휴게음식,8010,칵테일바,9737320,2021-11-21
의정부시,2021,서적문구,5010,출판 및 인쇄물,8931020,2021-11-21
의정부시,2021,직물,4301,옷감 직물,8349800,2021-11-21
의정부시,2021,수리서비스,9202,가정용품수리,8119200,2021-11-21
의정부시,2021,수리서비스,9299,기타수리서비스,7851324,2021-11-21
의정부시,2021,문화.취미,2210,화방 표구점,7840950,2021-11-21
의정부시,2021,신변잡화,4430,기념품점,7468690,2021-11-21
의정부시,2021,건축자재,9099,기타건축자재,7323190,2021-11-21
의정부시,2021,회원제형태,9395,기타1,6325230,2021-11-21
의정부시,2021,건축자재,9004,페인트,6282200,2021-11-21
의정부시,2021,수리서비스,9201,레져용품수리,6180630,2021-11-21
의정부시,2021,가구,3002,철제가구,5705020,2021-11-21
의정부시,2021,회원제형태,9302,자동차서비스,5691000,2021-11-21
의정부시,2021,용역 서비스,9121,화물운송,4417740,2021-11-21
의정부시,2021,문화.취미,2215,민예 공예품,4397000,2021-11-21
의정부시,2021,직물,4399,기타직물,4355300,2021-11-21
의정부시,2021,사무통신,5202,사무용 OA기기,4057470,2021-11-21
의정부시,2021,레저업소,2112,테니스장,3824000,2021-11-21
의정부시,2021,의류,4207,캐주얼의류,3458700,2021-11-21
의정부시,2021,병원,7010,병원,2987920,2021-11-21
의정부시,2021,회원제형태,9397,기타3,2720940,2021-11-21
의정부시,2021,병원,7014,한방병원,2705228,2021-11-21
의정부시,2021,일반휴게음식,8002,갈비전문점,2655450,2021-11-21
의정부시,2021,수리서비스,9203,신변잡화수리,2625000,2021-11-21
의정부시,2021,유통업 영리,4021,연 쇄 점,2567510,2021-11-21
의정부시,2021,주방용구,3299,기타주방용구,2292000,2021-11-21
의정부시,2021,레져용품,2011,피아노대리점,2195000,2021-11-21
의정부시,2021,회원제형태,9306,건강식품,2115100,2021-11-21
의정부시,2021,일반휴게음식,8003,한정식,1891740,2021-11-21
의정부시,2021,학원,5103,컴퓨터학원,1800000,2021-11-21
의정부시,2021,건강식품,8402,인삼제품,1730170,2021-11-21
의정부시,2021,건축자재,9002,건축용 요업제품,1620600,2021-11-21
의정부시,2021,여행,1130,렌터카,1511000,2021-11-21
의정부시,2021,회원제형태,9303,사무서비스,1473130,2021-11-21
의정부시,2021,의류,4204,양품점,1470620,2021-11-21
의정부시,2021,용역 서비스,9132,법률회계서비스(개인),1226000,2021-11-21
의정부시,2021,연료판매점,3302,LPG 취급점,1050080,2021-11-21
의정부시,2021,용역 서비스,9133,부동산 중개 임대,1049500,2021-11-21
의정부시,2021,문화.취미,2251,티켓,1023300,2021-11-21
의정부시,2021,건축자재,9005,유리,865000,2021-11-21
의정부시,2021,용역 서비스,9110,가례서비스업,830000,2021-11-21
의정부시,2021,자동차정비 유지,6199,가타자동차서비스,661000,2021-11-21
의정부시,2021,유통업 영리,4031,복지매장,573600,2021-11-21
의정부시,2021,병원,7001,종합병원,484240,2021-11-21
의정부시,2021,문화.취미,2202,화랑,356000,2021-11-21
의정부시,2021,서적문구,5003,정기간행물,315000,2021-11-21
의정부시,2021,서적문구,5040,과학기자재,300000,2021-11-21
의정부시,2021,연료판매점,3301,주유소,262770,2021-11-21
의정부시,2021,연료판매점,3311,GS 가스충전소,77231,2021-11-21
의정부시,2021,주방용구,3210,정수기,50000,2021-11-21
의정부시,2021,회원제형태,9396,기타2,15000,2021-11-21
의정부시,2021,사무통신,5280,전자(상우회),5000,2021-11-21
의정부시,2021,광학제품,3401,카메라,2000,2021-11-21
의정부시,2021,기타,0,기타,-1446,2021-11-21
