"시도별(1)",시도별(2),2017. 08,2017. 09,2017. 10,2017. 11,2017. 12,2018. 01,2018. 02,2018. 03,2018. 04,2018. 05,2018. 06,2018. 07,2018. 08,2018. 09,2018. 10,2018. 11,2018. 12,2019. 01,2019. 02,2019. 03,2019. 04,2019. 05,2019. 06,2019. 07,2019. 08,2019. 09,2019. 10,2019. 11,2019. 12,2020. 01,2020. 02,2020. 03,2020. 04,2020. 05,2020. 06,2020. 07,2020. 08,2020. 09,2020. 10,2020. 11,2020. 12,2021. 01,2021. 02
"총계",소계,13,21,17,27,30,32,30,31,25,22,24,17,12,13,17,32,25,35,34,39,20,25,20,17,17,13,15,20,26,26,25,21,18,18,19,12,14,12,17,21,24,20,25
"서울",서울,13,19,15,22,32,32,30,34,26,23,24,16,10,14,15,28,24,38,35,45,21,29,20,19,16,12,15,20,28,29,28,25,21,19,21,13,14,11,17,24,27,21,29
"부산",부산,16,23,16,27,28,28,30,26,28,24,25,23,14,14,17,26,23,29,28,30,20,25,21,18,19,13,13,17,23,21,22,16,17,17,15,10,19,13,15,17,21,19,21
"대구",대구,12,21*,17*,29,29,30,28,26,24,21,22,18,12,12,17,31,26,33,33,33,19,23,20,16,16,13,14,21,29,26,26,20,18,20,20,14,16,15,18,23,24,21,24
"인천",인천,15,22,17,23,28,29,27,32,24,21,22,16,12,15,16,29,24,33,31,41,20,26,17,19,18,14,16,19,25,27,23,21,16,15,17,14*,14,10,15,21,24,20,28
"광주",광주,15,22,20,31,28,28,31,32,25,21,27,15,14,13,20,36,26,33,34,39,20,22,25,17,17,15,18,20,22,27,21,18,17,18,18,9,14,13,17,20,24,22,25
"대전",대전,11,18,15,24,25,30,28,27,23,19,19,14,11,11,17,34,27,34,36,39,16,22,18,14,15,12,15,21,25,25,23,20,17,16,19,9,10,12,18,20,20,18,21
"울산",울산,16,22,15,25,24,25,27,23,26,24,29,27,16,14,19,29,19,26,26,29,19,26,22,19,18,13,11,15,20,19,19,17,17,19,19,12,17,14,15,17,19,17,21
"세종",세종,12,20,17,24,21,28,26,26,23,21,22,15,10,13,14,29,31,41,41,47,19,25,20,14,16,12,17,26,32,31,28,23,18,14,16,9,11,10,20,25,28,25,27
"경기",수원,13,21,16,23,30,31,29,33,26,21,24,17,11,15,18,34,25,39,36,46,20,28,19,18,18,13,16,21,29,30,28,25,19,18,21,13,14,11,18,24,26,21,30
"경기",안양,8,18,19,31,39,38,36,42,31,27,28,14,12,14,19,34,27,40,36,46,19,26,17,17,14,11,14,21,33*,33,29,25,20,21,24,15,12,13,20,26,25,19,29
"경기",성남,15,23,18,28,34,35,31,35,25,21,23,17,11,15*,17,32,26,38,34,42,16,24,17,17,15,11,14,20,29,28,28,25,20,17,20,12,13,10,16,22,26,20,29
"경기",의정부,6**,13,14,27,37,35,33,36,25,22,19,10,8,9*,17,35,32,38,30,44,16,25,18,18,14,11,15,22,31,33,29,25,18,16,18,11,12,10,16,24,28,21,28
"경기",광명,15,26,22,29*,37,37,32,38,27,22,23,15,11,14,18,37,30,42,37,49,20,26,17,17,16,13,17,23,32,32,31,27,21,18,21,13,14,11,19,26,30,25,35
"경기",안산,14,22,18,26,32,38,34,35,25,21,22,15,9,13,17,33,26,38,35,42,18,25,16,16,17,13,16,20,27,31,27,22,16,15,17,11,11*,9*,16,23,27,22,31
"경기",평택,14,31,25,30,33,45,36,41,32*,32*,32,16,13,16,24,43,31,45,42,53,26,33,26,21,18,15,19,24,29,30,27,26,18,22,24,16,14,13,22,27,28,24,33
"경기",과천,13,21,17,26,30,32,33,36,26,21,21,16,10,14,15,30,26,39,36,44,16,23,14,14,13,9,13,18,27,27,27,24,19,15,18,11,12,9,16,22,26,20,29
"경기",구리,15,24,19,28,36,35,31,35,24,20,18,14*,15,12,19,33,28,42,38,44,20,26,17*,20,18,12,15,22,30,29,29,26,21,19,22,12,12,10,16,22,27,20,27
"경기",의왕,15,23,19,27,32,35,36,40,27,22,23,15,10,13,17,36,27,42,39,49,20,28,18,18,17,14,17,24,35,35,30,29,21,19,23,14,13,11,18,25,27,20,29
"경기",고양,11,21,18,30,36,37,34,37,27,25,23,12,13,11,20,34,27,38,34,46,21,30,19,21,16,11,15,21,27,27,24,22,19,20,22,16,15,12,17,23,24,19,27
"경기",광주,19**,22,22,40,50,46,37,41,27,21,23,17,11,15,20,39,34,50,45,51,22,28,16,13,12,9,14,22,34,31,33,29,23,18,22,12,13,10,19,28,33,26,33
"경기",군포,8,21,15,28,32,35,32,36,30,30,29,16,14,12,20,36,24,35,32,44,22,28,19,20,14*,14,19,21,28,27,26,25,21,22,24,15,13,13,18,23,24,19,29
"경기",시흥,15,28,22,31,35,37,33,42,32,29,30,14,14,14,23,43,30,43,41,54,30,37,23,20,17,17,22,26,35,36,30,24,20,22,24,17,15,14,22,29,29,23*,35
"경기",부천,8,18,16,22,36,39,34,40,29,23*,27,16*,13,14,21,41,31,43,40,51,28,35,25,28,24,20,23,28,34,34,32,31,26,29,28,19,14,13,21,28,27,22,30
"경기",남양주,11,22,19,31,38,35,32,39,26,20,21,15,10,12,17*,31,28,41,37,44,19,26,19,17,15,11,14*,22,31,29,29,25,20,18,20,9,11,9,16,23,28,20,27
"경기",용인,15*,21,18,29,37,40,33,37,26,21,22,16,10,13,17,35,28,43,42,49,18,28,18,15,15,12,16,24,35,33,32,29,22,17,20,11,12,10,20,27,32,25,32
"경기",김포,8,19,15,26,35,32,31,38,27,23,24,10,10,8,18,35,30,42,36,47,22,31,17,18,14,13,18,22,32,31,27,26,21,20,21,16,15,14,21,28,31,25,34
"경기",오산,12,24,21,30,33,41,36,40,30,28,28,12,12,11,24,42,29,46,41,54,25,29,20,17,11,10,14,22,29,31,30,26,19,19,21,9,8,8,16,22,24,19,27
"경기",하남,14,21,15,22,27,33,30,31,23,20,21,17,9,14,14,25,24,40,39,39,13,19,12,12,12,6,10,19,25,25,22,19,14,12,15,9,10,9,14,20,24,18,25
"경기",화성,6,17,15,29,36,40,35,38,27,24,24,11,14,12,23,42,29,43,40,51,23,31,23,22,17,16,20,25,32,32,28,26,20,21,24,16,15,14,21,26,27,22,30
"경기",양주,10,15**,27,39,48,47,37,34,24,25,24,11,11,9,20,41,35,48,38,46,19,24,17,19,15,14,20,24,29,28,26,22,19,19,20,12,10,9,17,28,30,21,29
"경기",동두천,16**,19,21,35,41,36,31,36,26,21,20,11,10,10,17,38*,34,43,36,44,21,28,20,17,12,11,16,24,32,39,24,21,19,17,18,11,12,10,13,18,26,16,23
"경기",안성,5,17,18,30,34,40,35,50*,31,25,30,18,11,13*,22,46,33,49,48,54,25,27,17,13,15,11,17,27,33,35,33,31,23,19,20,12,12,12,25,31,36,27,35
"경기",이천,8,21,19,34,36,41,35,42,31,27,26,16,11,9,21,38,32,46,47,50,23,28,22,17,14,11,18,26,34,35,32,28,22,20,24,14,15,14,22,28,33,25,30
"경기",파주,14,23,21,31,38,37,35,35,27,21,21,15,13,14,20,37,32,47,39,49,22,29,18,19,18,15,20,26,35,34,32,28,22,17,19,14,13,11,20,28,33,26,34
"경기",포천,8,20,23,35,46,39,34,35,28,21,21,12,12,13,20,35,31,47,38,44,18,24,16,15,13,9,14,24,33,33,29,27,20,15,16,9,9,7,16,23,32,25,30
"경기",여주,9,15,16,34,37,41,35,38,26,23,20,13,7,6,18,36,33,49,47,51,23,30,21,11**,-,15,22,34,41,36,35,28,23,22,24,11,12,13,23,31,39,28,33
"경기",연천,5,13,13,28,33,31,26,33,21,16,13,5,6,5,11,24,23,30,29,37,16,22,12,11,8,7,11,18,25,24,19,18,15,13,15,8,9,9,13,19,24,20,28
"경기",가평,3,10,11,26,33,34,29,34,24,19,19,12,10,9,15,24,23,36,32,37,16,22,13,8,10,6,10,16,24,24,23,19,16,14,18,9,11,9,16,22,29,22,28
"경기",양평,12,16,14,30,34,36,30,33,24,20,22,20,10,15,15,27,25,41,36,41,16,23,18,15,16,10,14,20,28,28,27,23,19,16,21,11,12,10,18,26,33,25,30
"경기",도평균,12,21,18,28,35,37,33,37,27,23,24,14,11,13,19,36,28,41,38,47,21,28,19,18,16,13,17,23,31,31,29,26,20,19,21,13,13,11,19,25,29,22,31
"강원",양구,-,-,-,-,-,-,-,-,-,-,-,-,-,-,-,-,-,28*,28,36,17,22,15,13,13,9,13,20,28,24,24,21,19,14,17,8,9,8,15,20,24,20,26
"강원",고성,-,-,-,-,-,-,-,-,-,-,-,-,-,-,-,-,17,26,25,29,14,19,13,12,13,8,11,13,19,15,19,16,15,10,14,7,8,8,13,15,19,15,21
"강원",정선,-,-,-,-,-,-,-,-,-,-,-,-,-,-,-,-,-,29,27,33,15,26,19,15,16,9,13,17,24,20,24,19,19,17,22,9,9*,10,15,20*,19**,13,17
"강원",횡성,-,-,-,-,-,-,-,-,-,-,-,-,-,-,-,-,24,37,35,50,21,26,20,15,16,10,17,24,35,34,34,27,20,14,18,8,10,7,16,22,29,22,26
"강원",춘천,8,16,12,24,31,33,31,29,25,22,18,14,9,11,14,27,25,35,31,37,16,24,17,14,13,8,13,21,30,31,29,25,20,16,19,9,10*,10*,18*,23,29,23,27
"강원",강릉,15,21,17,21,25*,27*,23,25,24,21,18,17,13,17,14**,19,16,23,25,32,16,21,16,14,12,10,13*,-,17,14,19,16,15,12,18,8,11,11,14,19*,-,12**,17
"강원",원주,13,20,19,34,42,45,38,42*,33,28,28,22,13,14,17*,32,31,44,42,45,21,26,23,17,17,12,16,23,31,30,28,24,21,16*,21*,10,13,9,16,22,29,22,26
"강원",동해,8*,14**,12,20,23,23,24,23,22,23,21,20,11,14,13,19,16,23,26,32,18,22,18,18,14,11,11,15*,17,15,20,18,17,14,17,10,19*,15*,16,17,17,15,20
"강원",삼척,11,18**,15,21,22,25,25,24,24,20,17,18,9,11,12,19,14,22,25,32,17,19,17,17,13,10,11,10,14,14,17,14,14,12,15,9,13,10,12,13,12,9,15
"강원",평창,-,-,-,-,-,33,27,32,29,21,19,13,20,9*,17,27,25,40,36,43,20,25,19,16,17,11,13,20,29,25,27,21,20,15,19,9,11,10,11,23,8**,16,18
"강원",양양,-,-,-,-,-,-,-,-,-,-,-,-,-,-,-,-,-,19,20,27,14,19,14,12,12,8,11,13,15,16,19,16,15,11,14,7,9,8,11,14,17,12,18
"강원",속초,-,-,-,-,-,-,-,-,-,-,-,-,-,-,-,-,-,23*,28,34,17,21,16,15,13,7,8,9,14,9,17,17,15,11,16,9,9,8,11,13,2**,10,18
"강원",영월,-,-,-,-,-,-,-,-,-,-,-,-,-,-,-,-,-,45,42,48,20,24,17,12,15,10,16,26,32*,32,32,25,23,18,20,7,9,12,22*,26,23,15,18
"강원",철원,-,-,-,-,-,-,-,-,-,-,-,-,-,-,-,-,-,39,33,42,17,22,13,10,8,8,14,23,32,29,28,26,21,19,20,12,13,11,16,25*,25**,17,23
"강원",홍천,-,-,-,-,-,-,-,-,-,-,-,-,-,-,-,-,-,-,38,43,17,21,15,11,14,9,16,26,36,34,32,28,23,17,21,8,10,8,15,23,33,25,24
"강원",화천,-,-,-,-,-,-,-,-,-,-,-,-,-,-,-,-,-,-,25,33,16,20,14,11*,11,7*,11*,17,26,23,24,21,18,13,15,8,8,8,13,18,23,20,26
"강원",태백,-,-,-,-,-,-,-,-,-,-,-,-,-,-,-,-,-,-,24,33,17,25,20,20,19,13,16,20,21,20,27,23,25,21,24,10,12*,11,13,15*,14**,12,16
"강원",인제,-,-,-,-,-,-,-,-,-,-,-,-,-,-,-,-,-,-,-,-,17*,22,16,14,14,8,11,15,25,21,22,18,18,12,17,8,9,8,14,18,21,15,20
"강원",도평균,11,19*,15,25,31,33,29,30,27,23,21,17,12,13,15*,26,23,33,31,38,18,23,17,15,14,10,13,19,25,24,25,21,19,15,18,9,11,10,15,20,24*,18,22
"충북",괴산,-,-,-,-,-,-,-,-,-,-,-,-,-,-,-,-,-,-,45,49,20,23,21,12,19,13,22,33,33,32,29,27,24,18,19,10,11,12,19,24,30,24,27
"충북",음성,-,-,-,-,-,-,-,-,-,-,-,-,-,-,-,-,-,-,46,51,24,30,27,16,14,12,22,33,34,34,31,28,25,18,21,10,13,13,23,28,33,27,30
"충북",청주,10,25,22,36,37,44,35,37,29,26,27,19,13,13,23,45,34,45,46,47,22,27,25,17,17,15,20,27,34,34,31,26,20,20,21,11,11,13,23,28,29,26,29
"충북",충주,7**,22,19,33,35,38,31,34,28,25,24,19,13,13,20,36,31,44,42,46,22,29,26**,18,17,11,16,24,30,29,27,23,19,17,19,9,13,11,18,23,28,22,26
"충북",제천,7,19,22,35,38,41,33,34,30,26,25,20,14,16,19,34,29,40,38,42,20,25,21,17,18,14,19,27,32,29,30,25,23,16*,-,11,8,9,19,22,27,21,25
"충북",단양,7,16,14,28,32,35,31,28,26,22,23,23,12,10,22,35,31,45,43,46,23,28,23,16,18,16,20,32,34,32,26,24,19,16,20,9,13,10,16,19,27,21,25
"충북",진천,12,20,17,30,32,39,30,34,24,22,22,15,11,12,19,42,32,47,43,44,22,28,27,20,19,16,20,28,34,36,32,29,24,23,26,14,11,12,20,27,27,24,28
"충북",옥천,9,18,16,29,30,32,29,29,23,22,23,18,13,14,20,41,36,46,47,48,23,27,27,16,16,14,20,28,36,35,31,27,22,19,18,8,11,15,24,26,29,27,29
"충북",영동,-,-,-,-,-,-,-,-,24,25,22,19,11,16,15,39,32,44,47,50,25,26,27,15,16,13,14,22,29,29,27,23,20,17,20,8,10,10,17,24,28,25,26
"충북",증평,-,-,-,-,-,-,-,-,35,28,28,20,20,11,28,42,35,51,48,50,28,32,26,16,21,16,23,35,35,36,32,26,22,19,19,11,12,18,29,32,35,30,37
"충북",보은,-,-,-,-,-,-,-,-,-,-,-,-,-,-,-,-,-,51,47,48,20,25,19,9,14,10,15,24,35,34,32,29,27,16,18,6,9,9,18,27,33,27,30
"충북",도평균,9,22,20,33,35,40,33,34,28,25,25,19,13,13,22,41,33,45,45,47,23,27,25,16,17,14,19,28,33,33,30,26,21,19,20,10,11,11,21,25,29,24,28
"충남",천안,16,24,26*,29,32,36*,33,35,23,19,20,15,10,14,19,44,31,44,43,53,24,30,22,18,19,15,17,25,32,36,33,27*,20*,18*,20,13,14,13,23,28,31,28,35
"충남",당진,17,22,16,24**,26**,33*,29,32,24,26,28,14,12,14,19,40,32,42,43,56,29,34,28,21,19,18,26,29,35,36,32,29,20,24,23,17,15,15,22,29,28,26,36
"충남",서산,16,21,18,21,22,25,26,25,17,15,20,13,9,14,13,24,18,27,24,32,17,23,18,16,18,15,19,20,24*,27,25,22,18,17,18,14,14,13*,17*,19,22,21,31
"충남",아산,17,23,17**,39,41*,43,32,34**,25,24,23,11,8,12,15,43,30,44,43,54,28,34,28,21,18,15,24,32,35,37,34,31,23,26,24,15,14,14,24,30,31,28,37
"충남",논산,14,22,19,25,23,25,23,23,21,19,22,15,9,13,12,26,23,38,30,38,16,22,18,15,17,13,15,19,20,27,33,27,15,17,18,9,13,12,19,23,25,20,25
"충남",태안,15,21*,16,18,18,21,22,22,20,18,21,13,10,14,13,22,15,30,26,30,16,21,16,15,19,14,17,17,18,22,19,18,17,12,12,9,11,10,14,20,22,20,28
"충남",보령,11,24,21,27,27,33,25,27,20,18,22*,12,8,12,14,34,25,35,32,37,19,25,20,14,16,13,20,24,28,33,32,25,19,18,17,11,12,12,19,24,26,23,32
"충남",홍성,14,29,25,29,30,35,27,30,21,19,22,10,13,14,21,43,32,41,37,44,21,27,21,18,18,16,23,26,30,34,30,27,21,20,19,13,13,13,22,27,29,27,35
"충남",공주,11,24,21,30,31,36,29,31,23,20,22,10,11,12,16,34,26,36,36,45,21,27,25,14,9,8,18,25,32,32,29,25,20,19,21,11,12,12,20,25,30,26,30
"충남",부여,16,20,18,24,22,25,22,22,21,18,21,14,11,14,15,28,20,31,32,39,20,28,23,17,21,14,17,21,26,31,34,28,24,21*,23,13,16,14,20,22,23,22,25
"충남",청양,-,-,-,-,29*,29,25,28,21,17,19,11,13,14,20,39,29,43,42,51,24,28,24,15,14,11,19,25,29,33,31,24,18,17,18,10,11,12,21,25,28,26,30
"충남",금산,-,-,-,-,29*,26,24,26,21,18,20,15,10,14,11,27,22,31,26,36,22,24,23,11,15,15,22,29,32,35,31,27,24,21,23,12,13,13,19,26,33,27,28
"충남",예산,9,18,15,20,20,27,20,21,15,14,22,13,10,14,17,40,29,43,42,50,26,27,24,18,17,15,22,26,31,38,33,25,22,20,20,13,14,12,20,29,30,28,36
"충남",계룡,-,-,-,-,-,-,-,24**,18,14,16,11,8,10,12,25,19,30,29,35,18,25,19,14,15,11,14,20,26,28,25,23,20,17,18,9,12,11,16,19,24,20,24
"충남",서천,-,-,-,-,-,-,-,22**,18,15,17,11,8,11,13,28,21,28,34,38,20,26,19,15,18,14,17,20,25,31,30,26,20,17,16,11,13,13,18,23,26,24,29
"충남",도평균,15,22,19,25,27,30,27,28*,21,19,21,12,10,13,15,35,25,37,35,43,22,28,22,17,17,14,20,24,29,32,30,26,20,19,19,13,13,13,20,25,27,25,32
"전북",임실,-,-,-,-,-,-,-,-,-,-,-,-,14,15,21,40,30,42,44,44,23,20,20,10,13,11,14,24,28,30,25,21,20,20,24,12,15,14*,-,-,23,22,23*
"전북",전주,15,19,18,31,28,33,37,38,30,24,33,16,13,12,22,47,36,47,46,47,24,24,26,15,19,18,25,30,30,37*,32*,23**,19,21,26,13,14,12,19,21,23,22,29
"전북",군산,14*,23,18,28,49**,29,29,34*,31,25,29,14,15,14,22,40,27,39,40,49,25,32,25,18,15,15,19,22,24,27*,24,23,19,21*,23,14,15,16,21,24,23,22,27
"전북",익산,15*,28,29,40**,32*,34,33,39,30,24,33,15,14,15,24,48,34,48,47,52,27,33,26,18,17,18,22,29,29*,34,29,25,20,21,23,13,15,16,23,27,31,26,28
"전북",남원,15,21,17,33,36,36,33,26,20,16,22,12,10,10,16,33,30,38,42,40,23,23,19,11,14,11,12,20,24,26,22,18,18,17,18,11,16,13,16,17,22,24,29
"전북",정읍,17,27,23,31,27,32,31,34,25,23,30,16,16,16,18,32,24,30,32,36,19,20,23,17,18,15,18,22,24,29,22,22,18,20,27,15,19,15,19,22,22,21,26
"전북",고창,17,23,22,25,21,28,26,27,20,18,22,12,9,10,12,26,20*,31,33,37,20,23,21,17,16,15,15,14,17,25,20,18,16,18,20,13,16,15*,17,19,18,19,24
"전북",부안,14,22,21,32,31,36,30,28,23,18,22,9*,20,12,22,37,33,44,44,51,24,29,23,16,15,15,20,26,27,33,27,23,18,18,20,12,13,15,22,23,22,24,28
"전북",김제,14,24,22,33,32,36,31,31,24,20,28,10*,13,11,20,42,29,39,40,46,22,26,24,19,19,16,22,28,29,33,29,26,22,22,27,14,16,17,25,30,31,28,31
"전북",완주,-,-,-,-,-,-,30,33,27,21,26,13,9,11,13,28,22,35,35,40,22,27,27,17,18,14,17,18,19,23,25,27,24,25,31,14,17,13,17,19,23,20,25
"전북",진안,-,-,-,-,-,-,27,26,21,17,19,11,11,9,16,33,25,36,36,40,20,21,27,17,18,13,13,21,23,25,24,18,17,16,21,8,11,8,12,15,18,17,20
"전북",무주,-,-,-,-,-,-,-,-,-,-,-,-,10,11,13,27,23,33,32,34,15,19,19,10,9,7,10,16,22,23,20,19,18,18,22,11,12,11,15,17,19,19,22
"전북",순창,-,-,-,-,-,-,-,-,-,-,-,-,-,-,-,33,27,35,39,41,21,23,23,13,22,22,17,20,24,28,25,18,16,21,21,13,15,11,20,24,22,21,25
"전북",장수,-,-,-,-,-,-,-,-,-,-,-,-,-,-,-,-,27,41,41,43,23,21,20,10,13,10,-,23,26,33**,14**,21,20,17,22,11,14,14,17,22,21,17,18
"전북",도평균,15,24,22,31,30*,33,31,33,27,22,28,14,14,13,20,39,29,40,40,44,23,25,24,16,16,15,19,23,25,30,25,22,19,20,24,13,15,14,19,22,23,22,26
"전남",화순,-,-,-,-,-,-,-,-,-,-,-,-,-,-,-,-,-,-,-,26,16,20,20,12,16*,11,12,15,17,24,22,17,18,14*,14,10,14,12,14,15,17,15,17
"전남",여수,14,19,14,23,22*,23,26,23,18,16,20,15,10,11,14,22,17,21,26,24,16,21,20,13,17,12,12,15,15,16,16,13,14,14,13,8,16,12,12,13,14,14,16
"전남",광양,14,16,13,22,22,22,26*,24*,23*,23,25,20,12*,16,15*,24*,19*,25*,29,27,16,19,20,13,15,11,11,14,16,17,16,12,12,13,13,11,17,10*,13,15,19,18,21
"전남",순천,15,16*,12**,20**,19**,24,29,29,25,22,22,16,11*,15*,16,26,20,24,28,27,15,20,18,11,16,9,10,17,19,19,18,14,14,15,13,8,14,11,13,14*,16,17,18
"전남",목포,16,20,16,20,18,20,22,23,19,15,18,14,10,11,14,26,22,27,29,35,16,22,16,14,16,13,16,16,19,24,17,14,14,13,14,9,16,13,13,13,14,14,17
"전남",영암,18,21,17,25,26,27,26,25,22*,22,27,22,15,18,20,33,27,30,30,37,21,27,20,20,22,17,17,20,25,27,24,22,24,22,22,15,23,20,22,23,25,25,27
"전남",나주,-,-,-,-,-,30,29,29,25,21,27,13,19,16*,19,35,23,27,31,34,20,20,21,14,17,9,12,19,19,23,17,14,15,15,14,8,13,13*,15,17,22,18,18
"전남",담양,-,-,-,-,-,29,30,33,25,24,28,14,13,11,18,34,29,37,41,44,20,20,28,18,17,11,14,20,16,17*,18,17,17,17,18,10,10,9,13,11,17,14,18
"전남",장성,-,-,-,-,-,25,29,31,23,19,21,14,14,11,16,30,24,34,34,38,21,22,18,9*,13,10,13,18,21,26,20,18,16,16,19,10,12,11,19,20,22,21,24
"전남",해남,-,-,-,-,-,-,-,-,-,20,23,11,14,13,16,29,20,25,25,34,17,23,25,17,16,11,14,16,12,20,21,16,16,18,16,9,14,18,15,14,17,16,21
"전남",영광,-,-,-,-,-,-,-,-,-,-,-,-,-,-,-,37,27,33,35,45,25,27,26,15,20,18,22,24,21,27,20,21,20,19,22,12,18,18,21,22,20,21,27
"전남",장흥,-,-,-,-,-,-,-,-,-,-,-,-,-,-,-,-,-,30,32,34,16,20,26,12*,22,13,14,20,22,23,21,16,17,18,19,13,20,16,16,15,19,16,20
"전남",진도,-,-,-,-,-,-,-,-,-,-,-,-,-,-,-,-,-,-,24,26,14,20,18,11,14,11,14,13,16,26,22,17,17,12,10,6,11,11,11,10,12,12,15
"전남",완도,-,-,-,-,-,-,-,-,-,-,-,-,-,-,-,-,-,-,23,25,14,20,18,12,14,10,11,14,13,17,16,12,13,12,9,6,13,11,12,11,13,12,14
"전남",함평,-,-,-,-,-,-,-,-,-,-,-,-,-,-,-,-,-,-,30,35,18,24,23,15,17,13,17,19,23,30,25,20,18,15,14,7,13,12,18,19,23,24,29
"전남",고흥,-,-,-,-,-,-,-,-,-,-,-,-,-,-,-,-,-,-,-,18,14,20,19,12,15,12,12,15,16,18,17,13,14,14,11,8,15,12,13,12,14,14,16
"전남",신안,-,-,-,-,-,-,-,-,-,-,-,-,-,-,-,-,-,-,-,21,13,19,13,9,20,9,12,12,15,22,17,14,14,14,14,8,14,12,12,12,15,14,20
"전남",무안,-,-,-,-,-,-,-,-,-,-,-,-,-,-,-,-,-,-,-,23,21,28,24,16,16,19,21,20,22,27,24,20,18,19,19,9,14,14,24,23,19,20,25
"전남",강진,-,-,-,-,-,-,-,-,-,-,-,-,-,-,-,-,-,-,-,-,-,-,19*,15,18,14,14,16,18,22,20,15,16,15,15*,9*,20,14,15,16*,19,17,21
"전남",곡성,-,-,-,-,-,-,-,-,-,-,-,-,-,-,-,-,-,-,-,-,-,-,-,-,-,12,14,20,20,20,18,14,16,15,15,9,14,12,14,16,16,15,17
"전남",구례,-,-,-,-,-,-,-,-,-,-,-,-,-,-,-,-,-,-,-,-,-,-,-,13,14,11,13,21,24,26,22,18,17,19,16,11,19,17,14,18,21,20,23
"전남",보성,-,-,-,-,-,-,-,-,-,-,-,-,-,-,-,-,-,-,-,-,-,-,-,-,-,11,12,16,20,24,21,15,16,13,12,7,12,10,13,15,21,19,22
"전남",도평균,15,18,14,22,21,24,27,26,22,20,23,16,12,13,15,27,21,25,29,29,17,21,20,13,16,12,13,17,18,21,19,15,15,15,14,9,16,13,14,15,17,17,19
"경북",영덕,-,-,-,-,-,-,-,-,-,-,-,-,-,-,-,-,-,-,-,-,-,-,-,-,-,-,-,-,18**,18,19,15,15,11,12,7,16,10,11,14,17*,16,19
"경북",영천,-,-,-,-,-,-,-,-,-,-,-,-,-,-,-,-,-,34,32,31,17,25,21,17,15,11,12,20,25,29**,19,16,15,16,16,11,16,12,17,24,22,18,21
"경북",의성,-,-,-,-,-,-,-,-,-,-,-,-,-,-,-,-,-,-,-,-,-,-,-,-,-,-,-,-,-,8,23,17,15,13,13,5,10,7,13,21,26,22,23
"경북",울릉도,-,-,-,-,-,-,-,-,-,-,-,-,-,-,-,-,-,-,-,-,-,-,-,21**,15,9,9,9,-,-,-,12**,12,13,16,13*,14,15,12,9,9,8,14
"경북",포항,13*,20,17,26,23,27,26,27,32,29,29,25,13,14,18,29,18,27,27,29,16,23,17,14,16,13,13,19,22,21,20*,15*,15,15,16,11,16,15,16,18,20,17,21
"경북",구미,12,19,16,27,33,38,36,31,28,24,25,19,13,15,19,31,26,34,32,30,15,18,18,16,12,9,11,19,26,24,23,20,17,16,17,11,14,13,18,26,26*,23*,24
"경북",김천,10,22**,22**,30,25,36,32,31,24,21,18,11,16,14,24,41,29,34,36,44,18,18,20,17,14,14,16*,21,29,26,26**,23,23,21,20,10*,12*,11,16,22,22,20,24
"경북",경주,-,-,-,-,-,-,-,-,-,-,-,26*,13,11,18,33,24,31,31,31,18,22,19**,15,15,10,13,17,19**,24,23,18,17,16,16,10,16,12,16,19,21,19,22
"경북",안동,10,18,15*,34,38,42,36,33,28,22,21,17,17,14,21,32**,-,-,39**,31,15,20,17,16,15,10,13,19,26,25,23,19,18,15,15,9,13,12,16,21,24,20,22
"경북",영주,10,19,18,34,38,41,36,34,35,22,19,12,19,13,28,41,30,43,38,37,17,21,17,14,15,14,20,30,37**,-,-,22**,23,19,20,11,16,14,22,30,35,28,32
"경북",경산,21,20,18,32,33,33,34,34,24,20,23,25,11,11,18,38,32,39,37,34,18,21,21,16,19,14,15,22,32,28,28,21,19,21,21,15,19,15,17,23,31,28,26
"경북",상주,-,-,-,-,-,26*,23,26,18,16,16,15,14,12,21,36,31,40,43,44,20,23,17,12,13,11,15,-,25**,28,27,23,20,18,19,10,13,13,21,29,32,28,29
"경북",칠곡,-,-,-,-,-,28,28,25,24,21,23,17,9,9,16,31,27,36,33,31,16,19,16,14,15,14,15,24,30,28,27,22,20,19,18,12,16,13,17,24,28,24,26
"경북",울진,-,-,-,-,-,-,-,-,-,-,-,-,-,-,-,-,-,-,19*,23,10,13,8,17,17,10,12,16,18,12,16,13,12,9,9,3,8,7,11,15**,22**,14,19
"경북",봉화,-,-,-,-,-,-,-,-,-,-,-,-,-,-,-,-,-,-,-,-,-,17,13,13,14,7,9,12,16,14,17,15,15,11,15,7,12,9,11,14,18,14,17
"경북",고령,-,-,-,-,-,-,-,-,-,-,-,-,-,-,-,-,-,-,-,-,-,-,-,-,-,-,11,16,20,20,20,16,17,19,20,14,19,13,14,17,18,16,19
"경북",군위,-,-,-,-,-,-,-,-,-,-,-,-,-,-,-,-,-,-,-,-,-,-,-,-,-,-,-,-,-,15**,24,19,16,13,14,7,11,8,14,21,25,20,21
"경북",성주,-,-,-,-,-,-,-,-,-,-,-,-,-,-,-,-,-,-,-,-,-,-,-,-,-,-,-,-,-,-,-,20,18,18,16,11,15,15,20,25,27,26,27
"경북",예천,-,-,-,-,-,-,-,-,-,-,-,-,-,-,-,-,-,-,-,-,-,-,-,-,-,-,-,-,-,-,-,17,15,13,14,6,11,10,17,23,25,22,24
"경북",청도,-,-,-,-,-,-,-,-,-,-,-,-,-,-,-,-,-,-,-,-,-,-,-,-,-,-,-,-,-,-,25,19,17,16,15,8,13,10,17,23,27,23,25
"경북",청송,-,-,-,-,-,-,-,-,-,-,-,-,-,-,-,-,-,-,-,-,-,-,-,-,-,-,-,-,-,-,-,18**,16,11,14,6,9,7,12,18,21,17,20
"경북",영양,-,-,-,-,-,-,-,-,-,-,-,-,-,-,-,-,-,-,-,-,-,-,-,-,-,-,-,-,-,-,-,18,16,12,9,3,7,8,14,16,22,15,18
"경북",문경,-,-,-,-,-,-,-,-,-,-,-,-,-,-,-,-,-,-,-,-,-,-,-,-,-,-,-,-,-,-,23*,19,16,13,15,7,10,10,17,26,29,23,25
"경북",도평균,13,19,17,29,30,33,31,29,28,23,23,20,14,13,20,33,26,33,32,32,16,20,17,15,15,12,13,19,24,22,22,18,17,16,16,10,14,12,16,21,23,19,22
"경남",창원,19,22,17,25,25,25,26,23,24,20,24,20,13,13,17,26,21,25,26,26,18,21,19,16,17,13,12,16,21,20,21,15,15,17,15,12,17,13,14,16,18,17,19
"경남",진주,16,18,14,22,20,22,24,23,23,20,23,16,10,10,12,20,17,22,23,24,17,20,20,16,15,11,10,13,17,16,18,14,14,18,18,10,16,14,12*,13*,17,16,18
"경남",하동,14,20,18,28,28,25,25,24,21,16,18,9,6,6,9,18,14,18,22,22,14,19,21,-,15,9,9,13,14,15,20,15*,15,14,13,7,13,10,11,14,15,13,19
"경남",김해,16,19,14,21,21,23,24,20,21,20,23,20,12,11,16,28,23,26,27,28,18,23,21,18,19,14,12,18,23,21,21,16,16,17,16,11,17,13,16*,18,20,17,19
"경남",양산,16,26,17,28,29,27,28,24,28,24,26,21,13,12,16,25,20,24,25,26,18,22,21,18,20,14,15,19,23,20,21,17,16,18,17,14,19,15,19,20,21,17,21
"경남",거제,13,22,17,24,22,21**,-,23,28,21,22,19,15,11,18,24,20,25,27,28,20,24,20,11,17,10,12,15,14,18,23,18,15,17,18,13,19,12,13,14,16**,15*,16
"경남",사천,12,14,12,21,20,19,21,19,17,14,17,16,10,11,13,21,17,21,23,23,15,17,18,13,16,11,11,16,18,18,20,14,13,13,14,9,17,11,12,14,16*,15,17
"경남",밀양,-,-,-,-,-,28*,24,23,22,20,24,17,13,11,16,24,21,26,26,26,16,19,18,14,12,7,9,17,22,21,22,19,18,18,17,11,14,13,18,22,24,20,23
"경남",통영,-,-,-,-,-,25*,27,25,24,21,23,17,12,14,15,23,20,25,27,27,18,23,21,15,15,10,9,13,14,13,20,13,13,15,12,7,13,9,10,11,16,15,16
"경남",고성,-,-,-,-,-,-,-,-,-,-,-,-,-,-,-,-,-,19,21,21,14,16,16,11,14,11,11,14,16,16,17,12,12,14,12,8,12,10,12,13,17,19,21
"경남",거창,-,-,-,-,-,-,-,-,-,-,-,-,-,-,-,-,-,25,26,28,16,17,17,12,13,9,-,21,25,25,23,20,18,18,19,10,13,13,20,26,22,19,20
"경남",함안,-,-,-,-,-,-,-,-,-,-,-,-,-,-,-,-,-,25,25,23,15,16,17,12,12,10,-,19,23,22,22,18,16,16,14,10,15,14,16,21,24,22,25
"경남",함양,-,-,-,-,-,-,-,-,-,-,-,-,-,-,-,-,-,23,25,28,15,17,17,11,12,9,11,16,20,21,19,17,17,17,18,9*,12,17,14,17,19,20,22
"경남",남해,-,-,-,-,-,-,-,-,-,-,-,-,-,-,-,-,-,23,27,27,18,20,20,13,16,11,12,18,21,21,21,14,16**,19**,12,9,14,10,11,14,17,17,19
"경남",산청,-,-,-,-,-,-,-,-,-,-,-,-,-,-,-,-,-,-,-,-,-,-,-,-,-,-,-,16,18,19,19,16,15,14,17,10,17,11,13,15,16,17,18
"경남",의령,-,-,-,-,-,-,-,-,-,-,-,-,-,-,-,-,-,-,-,-,-,-,-,-,-,-,-,16,21,20,19,14,13,14,16,10,17,12,13,15,18,16,18
"경남",창녕,-,-,-,-,-,-,-,-,-,-,-,-,-,-,-,-,-,-,-,-,-,-,-,-,-,-,-,19,23,23,22,17,16,17,18,13,20,15,18,22,23,21,23
"경남",합천,-,-,-,-,-,-,-,-,-,-,-,-,-,-,-,-,-,-,-,-,-,-,-,-,-,-,-,15,17,17,16,14,14,14,16,10,16,12,12,15,17,16,18
"경남",도평균,16,20,16,24,24,24,25,23,23,20,23,19,12,12,16,25,20,24,25,26,17,20,20,15,16,12,12,16,20,19,20,16,15,16,16,11,16,13,14,17,19,17,19
"제주",제주,20**,25,19,27,26,19,21,23,23,20,22,16,13,13,17,25,20,25,28,33,22,22,22,18,20,16,17,16,16,20,21,16,17,20,13,10,12,14,16,14,15,14,18
"제주",서귀포,13,17,16,22,21,20,24,24,26,21,19,17,13,13,16,20,14,19,21,26,17,17,18,14,16,10,13,15,16,18,20,15,19,19,14,9,16,12,15,12,13,13,16
"제주",도평균,16*,17,17,25,23,19,22,24,24,20,21,16,13,13,16,23,16,22,23,29,19,19,19,16,18,12,15,15,16,19,21,15,18,19,14,10,15,13,16,13,14,14,17
